{
    "no_aug": {
        "loss": [
            0.7194600105285645,
            0.4051936800479889,
            0.28458557760715486,
            0.20159104281663895,
            0.1554341726601124,
            0.08826311832666398,
            0.08349429170787334,
            0.04555219514667988,
            0.03756704091653228,
            0.02732996689528227,
            0.02280948927626014,
            0.012854629043489694
        ],
        "accuracy": 0.896,
        "label": "None (89.6%)"
    },
    "affine": {
        "loss": [
            0.7992601354122162,
            0.544647982954979,
            0.46562142205238344,
            0.3769834504127502,
            0.3084322990179062,
            0.288684096634388,
            0.2540666243433952,
            0.24633599162101746,
            0.21312260752916337,
            0.18452186739444731,
            0.183877710044384,
            0.16045987498760222,
            0.1374501122236252,
            0.12271702182292939,
            0.13077918747067452,
            0.1224408569931984,
            0.10079771523177623,
            0.09554854365438223,
            0.0997488341331482,
            0.08466186151653528,
            0.08176029835641384,
            0.08008839768171311,
            0.0734577320292592,
            0.07909503864496946,
            0.06914686977490783,
            0.06019382460415363,
            0.07091484855487942,
            0.05827351694554091,
            0.052879397559911015,
            0.05056191405840218,
            0.038766467154026034,
            0.055481870083138346,
            0.0423103195540607,
            0.04916076017543673
        ],
        "accuracy": 0.949,
        "label": "Affine (94.9%)"
    },
    "noise": {
        "loss": [
            0.909477548122406,
            0.643450956106186,
            0.5461191246509552,
            0.4771037335395813,
            0.41374429750442504,
            0.3834222558736801,
            0.3483300732374191,
            0.3176097948551178,
            0.3111280798316002,
            0.26992976063489915,
            0.274739832341671,
            0.2625894076228142,
            0.2341412404179573,
            0.21222870242595673,
            0.19978704077005385,
            0.1732987663447857,
            0.17910639196634293,
            0.18340882313251494,
            0.15934198826551438,
            0.14445258018374443,
            0.1469036330282688,
            0.13893857726454734,
            0.12690137395262718,
            0.13908319610357284,
            0.1256169555336237,
            0.14417908735573293,
            0.11551786340773106,
            0.11917957288771867,
            0.10484277947992086,
            0.11293465812504291,
            0.09935626336932182,
            0.10114625473320484
        ],
        "accuracy": 0.923,
        "label": "Affine + Noise (92.3%)"
    },
    "bias_field": {
        "loss": [
            0.952070837020874,
            0.6921148920059204,
            0.6011576812267303,
            0.5265837075710297,
            0.5054197459220886,
            0.4492102761268616,
            0.4137106339931488,
            0.3999164561033249,
            0.3759933112859726,
            0.3454678282737732,
            0.3228781702518463,
            0.3224529111385345,
            0.3007044985294342,
            0.29642859733104704,
            0.2869396356344223,
            0.256866889834404,
            0.23468613040447234,
            0.24029845947027206,
            0.22409314393997193,
            0.21016444820165633,
            0.20218910816311836,
            0.19754766193032264,
            0.1851961872279644,
            0.1874082078933716,
            0.19034272539615632,
            0.1670874723494053,
            0.16428021505475043,
            0.15447733449935913,
            0.14111153802275658,
            0.1504314170181751,
            0.14755085995793343,
            0.1310534078478813
        ],
        "accuracy": 0.919,
        "label": "Affine + Bias Field (91.9%)"
    },
    "morph": {
        "loss": [
            0.8577120852470398,
            0.6280482492446899,
            0.5161380409002304,
            0.44454829013347624,
            0.3981666747331619,
            0.3759336665272713,
            0.3213363295793533,
            0.2952436889410019,
            0.2609521998167038,
            0.2487300165295601,
            0.2380585800409317,
            0.21612014216184616,
            0.20198544296622276,
            0.19333199775218965,
            0.17339257806539535,
            0.17420259419083595,
            0.15651190689206124,
            0.14589336293935776,
            0.13497046595811843,
            0.1344038641601801,
            0.12253930856287479
        ],
        "accuracy": 0.905,
        "label": "Affine + Morphology (90.5%)"
    }
}