{
    "no_aug": {
        "loss": [
            0.9756084852218628,
            0.7968718409538269,
            0.6997898528575898,
            0.6030991508960724,
            0.5423380644321442,
            0.5049271054267883,
            0.47947516465187073,
            0.4513463578224182,
            0.442503559589386,
            0.4066617926359177,
            0.3890595430135727,
            0.3930833954811096,
            0.37456685161590575
        ],
        "accuracy": 0.801,
        "label": "None (80.1%)"
    },
    "affine": {
        "loss": [
            0.9904345598220825,
            0.7791178469657898,
            0.6795999982357025,
            0.6045053873062134,
            0.550812346458435,
            0.5162269380092621,
            0.4934083688259125,
            0.46036855709552765,
            0.4467841045856476,
            0.4316833904981613,
            0.41725603079795837,
            0.39526877200603483,
            0.3895383647680283,
            0.37420332491397856,
            0.3723450819253922,
            0.3559765434265137,
            0.3539103283882141
        ],
        "accuracy": 0.8,
        "label": "Affine (80.0%)"
    },
    "noise": {
        "loss": [
            1.0101324453353882,
            0.8470524678230286,
            0.7594264359474182,
            0.705893158197403,
            0.6556438274383545,
            0.6186197729110717,
            0.579997680902481,
            0.5453414137363434,
            0.5271311917304993,
            0.508156147480011,
            0.4965329895019531,
            0.4881273906230926,
            0.4658340939283371,
            0.4582211866378784,
            0.45063760137557984,
            0.43548037695884706,
            0.4237078493833542,
            0.4125879319906235,
            0.40271986997127535,
            0.3918716117143631,
            0.392281484246254,
            0.3818093091249466
        ],
        "accuracy": 0.818,
        "label": "Affine + Noise (81.8%)"
    },
    "bias_field": {
        "loss": [
            1.0472202625274658,
            0.9121086330413818,
            0.8531984677314758,
            0.8073598365783692,
            0.7607816534042359,
            0.7140083193778992,
            0.688648035287857,
            0.6592832612991333,
            0.6264498498439789,
            0.6146924033164978,
            0.5945407626628876,
            0.5808501732349396,
            0.5585046298503876,
            0.544547621011734,
            0.5491135935783387,
            0.523397355556488,
            0.5049161972999573,
            0.5090362212657928,
            0.4981894521713257,
            0.48828061628341674
        ],
        "accuracy": 0.796,
        "label": "Affine + Bias Field (79.6%)"
    },
    "morph": {
        "loss": [
            0.9800921497344971,
            0.8245952558517456,
            0.7468051142692566,
            0.6728586542606354,
            0.6206013648509979,
            0.5817506029605866,
            0.5538044233322144,
            0.525992104768753,
            0.5101328897476196,
            0.48223174142837527,
            0.47245885586738584,
            0.4704104415178299,
            0.4559882616996765,
            0.4421258556842804,
            0.4321513488292694,
            0.41371117544174196,
            0.41230423855781556,
            0.40839726555347444,
            0.40034959411621096,
            0.3818898588418961,
            0.38439665496349334,
            0.37071815598011015,
            0.36878405594825747
        ],
        "accuracy": 0.822,
        "label": "Affine + Morphology (82.2%)"
    }
}