{
    "no_aug": {
        "loss": [
            0.7831435158167999,
            0.6901952234016457,
            0.6363494338723004,
            0.595386943538782,
            0.5581115611313563,
            0.5292226529968571,
            0.501865282427841,
            0.4756245597970062,
            0.45237751781637897,
            0.43756861780500655,
            0.41624910002432497,
            0.40312808116680476,
            0.38538241643590976,
            0.3760761886381256,
            0.3604944714434861,
            0.35589569300261853,
            0.3468303880867014,
            0.3373007589034018,
            0.3310149405813459,
            0.32386480695402564,
            0.32258382953968145,
            0.3180392865602135,
            0.3111391755832633,
            0.30514166901256834,
            0.3059192468520954,
            0.29571810175622176,
            0.293255487674384,
            0.28583668247999877,
            0.28250212460605023,
            0.28066202998161316,
            0.28130807943150477,
            0.2745047315274398,
            0.2742838746853891,
            0.26874705649874536,
            0.26714467238351175
        ],
        "accuracy": 0.9863170245387399,
        "dice": 0.6388331590979187,
        "label": "None (63.9 % / 98.6%)"
    },
    "affine": {
        "loss": [
            0.7071531805290183,
            0.6356275157274933,
            0.5918932517773003,
            0.5590338716047064,
            0.5316844163509795,
            0.5077925729872611,
            0.48577655859405017,
            0.46831165412960923,
            0.4522573218732921,
            0.433706813052221,
            0.4242141195360174,
            0.4159463625874011,
            0.40416052665202146,
            0.3973264255499477,
            0.3890256151027486,
            0.38225667761062004,
            0.3808583791183336,
            0.37610214131737724,
            0.37542138002850683,
            0.3664379175846952,
            0.36308171550937113,
            0.35883300808177987,
            0.3551176258452653,
            0.3519846225147925,
            0.3521488367149673,
            0.35218963178281254,
            0.3500154549397793,
            0.3467349301891279,
            0.34348434066106825,
            0.3386819973058507,
            0.3349974131977498,
            0.33548770247377113,
            0.335647830125039,
            0.3294970567910199,
            0.32866229487554677,
            0.32661055368820424,
            0.32726440158894826,
            0.3305212667750828,
            0.32227316581960863,
            0.3217017518989931,
            0.3252134502387894,
            0.3211153338705828,
            0.3166706816194021,
            0.3152361978129082,
            0.3141074353819571,
            0.31166943476587383,
            0.3114271917318935,
            0.31269507911907235,
            0.30580733603027266,
            0.3098280463121869,
            0.30507300438614665,
            0.30677633229548557,
            0.30707500632946866,
            0.30165221160135897,
            0.30141115945002755,
            0.30030120803317445,
            0.30294215399299174,
            0.2990147718015661,
            0.2984044425529877,
            0.29816951553531107,
            0.29681403549189495
        ],
        "accuracy": 0.984633531828429,
        "dice": 0.6461888391662527,
        "label": "Affine (64.6 % / 98.5%)"
    },
    "noise": {
        "loss": [
            0.7317026348283449,
            0.6582848795779466,
            0.6140817173846482,
            0.5848834251389285,
            0.5573265967030211,
            0.5342128092262346,
            0.5183805110793428,
            0.49933092001125895,
            0.4863704790923801,
            0.47693825085756136,
            0.46145150685673436,
            0.45109129663046243,
            0.44207540925989297,
            0.4296927272063221,
            0.42501744552312165,
            0.4203031991944095,
            0.4136472445756651,
            0.41120385730327086,
            0.40440363508795724,
            0.4011443821609323,
            0.39973360784162726,
            0.3946652858692982,
            0.3893439396081237,
            0.38619012200287756,
            0.389360452212658,
            0.38316808058525703,
            0.3818848471956205,
            0.37829269037633984,
            0.37400032035287867,
            0.3740672467626291,
            0.3755296990653585,
            0.3680804684985108,
            0.36838270534718703,
            0.3652803181542963,
            0.3714508341653698,
            0.361027409809495,
            0.36438588419844054,
            0.3529714952568112,
            0.356352364426942,
            0.35982595157199704,
            0.354606623879544,
            0.34989765717595966,
            0.3518095807678203,
            0.35361760763952577,
            0.34697805670312215,
            0.34716992314696915,
            0.344042336502051,
            0.34094050216493266,
            0.3444987968896246,
            0.3429532571492461,
            0.34164532058432623,
            0.33586645270059556,
            0.3351256064503326,
            0.33888593353898394,
            0.33877465711329796,
            0.33698748710191795,
            0.3347962794418867,
            0.3338349113609585
        ],
        "accuracy": 0.9843663328340057,
        "dice": 0.6335539161055176,
        "label": "Affine + Noise (63.4 % / 98.4%)"
    },
    "bias_field": {
        "loss": [
            0.7434947396898027,
            0.6629782927217822,
            0.6204447240998903,
            0.5877518986687442,
            0.5595036580175312,
            0.5370977690377211,
            0.5165648023186601,
            0.4988767392744268,
            0.4850793562564753,
            0.46915974184341236,
            0.45948721385244184,
            0.44864153090467307,
            0.43980840181336184,
            0.43105521208138636,
            0.4267421125760538,
            0.42328548113706754,
            0.4158249340081578,
            0.4119824936547255,
            0.40581646833928103,
            0.40251325229702867,
            0.4007325541549528,
            0.40006789897904177,
            0.39640752358484993,
            0.39027821624339537,
            0.39075742155162213
        ],
        "accuracy": 0.9806900408237423,
        "dice": 0.5469289537933137,
        "label": "Affine + Bias Field (54.7 % / 98.1%)"
    },
    "morph": {
        "loss": [
            0.6968926170150641,
            0.6234576447966135,
            0.5821796331913943,
            0.5492603169177389,
            0.5249377292424894,
            0.5004386187809978,
            0.48044968619564465,
            0.4606501034976262,
            0.4451950901958543,
            0.42699774872833096,
            0.4143058631928439,
            0.40710976750112426,
            0.40032945626278216,
            0.3913329242147165,
            0.38545552682755563,
            0.38052027812463984,
            0.3753218824034415,
            0.3733936982408998,
            0.36737801641377094,
            0.358868197514321,
            0.3616780719630004,
            0.35774682976570227,
            0.3545538682471677,
            0.3511102373527391,
            0.3485238122455965,
            0.3485493377834407,
            0.3437135633327029,
            0.3385131064859139,
            0.3410573075265449,
            0.33821901081479744,
            0.3346436952576419,
            0.333844047361219,
            0.3349536121799256,
            0.3306210836783278,
            0.32621006175951306,
            0.32512224643363563,
            0.32721707474459244,
            0.32672503121613244,
            0.32326762355523664,
            0.3249373424628059
        ],
        "accuracy": 0.9804363292373636,
        "dice": 0.6019817171273408,
        "label": "Affine + Morphology (60.2 % / 98.0%)"
    }
}