{
    "no_aug": {
        "loss": [
            0.5271584372520447,
            0.39354133319854734,
            0.33461836403608325,
            0.3020503931045532,
            0.2835843470096588,
            0.2712579197883606,
            0.25861461758613585,
            0.25039693546295166,
            0.2434042190313339,
            0.2389476833343506,
            0.23360149157047272,
            0.23062711709737777,
            0.22752234768867494,
            0.22397666677832603,
            0.22201049089431762,
            0.2200917926132679,
            0.21823217499256134,
            0.21672210609912873,
            0.21504662123322488,
            0.21338431337475777,
            0.2120673148036003,
            0.21178962051868438,
            0.21024747920036316,
            0.20904825606942176,
            0.2084579794704914,
            0.20690165770053864,
            0.2063416238129139,
            0.20625407001376153,
            0.20500868514180184,
            0.2041438462138176,
            0.20332734221220017,
            0.20295537862181665,
            0.20232079616189003,
            0.20150508666038514,
            0.2010989926159382,
            0.20117342740297317,
            0.20021638464927674,
            0.1993403362929821,
            0.1989888088107109,
            0.19847372236847877,
            0.19787676060199738,
            0.19770346233248712,
            0.19736815655231477,
            0.19701129373908044
        ],
        "accuracy": 0.9926698022959184,
        "dice": 0.6772978816713605,
        "label": "None (67.7 % / 99.3%)"
    },
    "affine": {
        "loss": [
            0.5308936059474945,
            0.4092695119380951,
            0.35996947157382964,
            0.3372430691123009,
            0.3209187268614769,
            0.3115963758230209,
            0.30118809044361117,
            0.29395444703102114,
            0.287404972076416,
            0.2825865150690079,
            0.27731392735242844,
            0.27411321622133256,
            0.27168401885032656,
            0.2697438398003578,
            0.2646550861597061,
            0.26309738665819166,
            0.2593899914622307,
            0.256039762198925,
            0.2544109471440315,
            0.25199352285265925,
            0.25126339656114577,
            0.2495810860991478,
            0.24960367739200592,
            0.24751749110221863,
            0.24477792760729788,
            0.2431196333169937,
            0.24270039039850236,
            0.24255209818482398,
            0.24081060525774955,
            0.23944538152217865,
            0.23792583829164504,
            0.23636702007055282,
            0.23553451433777808,
            0.23399380949139595,
            0.23433072429895402,
            0.23288981068134307,
            0.23227473044395447,
            0.23201418727636336,
            0.2309665599167347,
            0.23080294081568717,
            0.22971820330619813,
            0.2304152090549469,
            0.22856303560733796,
            0.22750399547815323,
            0.2257889414727688,
            0.22706937086582185,
            0.22536022984981538,
            0.22424803963303566,
            0.2254000665843487,
            0.22328111720085145,
            0.22363556429743767,
            0.22232007497549058,
            0.22211467400193213,
            0.22205755132436752,
            0.22242638638615608,
            0.220441535115242,
            0.22041143602132798
        ],
        "accuracy": 0.9936777742346938,
        "dice": 0.7367756513376085,
        "label": "Affine (73.7 % / 99.4%)"
    },
    "noise": {
        "loss": [
            0.5341871317625045,
            0.4230158815383911,
            0.3702573900222778,
            0.3438287003040314,
            0.32753478157520294,
            0.3172593886256218,
            0.30727660489082337,
            0.3026213789582253,
            0.2941923998594284,
            0.28940920835733414,
            0.2841396775841713,
            0.28039159417152404,
            0.2762654616832733,
            0.2731369712948799,
            0.2712637403011322,
            0.26753731262683866,
            0.26501575297117236,
            0.2624185893535614,
            0.2605674457550049,
            0.25767502301931383,
            0.2559324518144131,
            0.2552210818529129,
            0.2530948979258537,
            0.25051834583282473,
            0.2498622280359268,
            0.2497642870247364,
            0.24619804856181143,
            0.24727846011519433,
            0.2438707749247551,
            0.24336693295836448,
            0.2407757634818554,
            0.2412990678846836,
            0.24028333643078803,
            0.23878178972005845,
            0.2388429609835148,
            0.23842395734786986,
            0.23618856000900268,
            0.23603700959682464
        ],
        "accuracy": 0.99295703125,
        "dice": 0.6747143945050618,
        "label": "Affine + Noise (67.5 % / 99.3%)"
    },
    "bias_field": {
        "loss": [
            0.5389224413633347,
            0.42155024254322054,
            0.3724478025436401,
            0.3489199691414833,
            0.3330640717744827,
            0.3225651542544365,
            0.31174412548542024,
            0.3043136293292046,
            0.2985036064982414,
            0.2943563283681869,
            0.2880845165848732,
            0.28504826509952547,
            0.2800198815464973,
            0.277676624417305,
            0.27495970177650453,
            0.27162141650915145,
            0.2690480687022209,
            0.2658626161813736,
            0.2655776074528694,
            0.2620309635400772,
            0.2589215386211872,
            0.2592115194797516,
            0.2581803057193756,
            0.2549967173933983,
            0.25279077935218813,
            0.25173002868890765,
            0.25064579796791076,
            0.24825356042385102,
            0.24661140775680543,
            0.24628859302401543,
            0.24413467282056808,
            0.24412585598230363,
            0.24408017551898956,
            0.24256722050905227,
            0.2392745976448059,
            0.24281255820393563,
            0.24096797007322313,
            0.23787343978881836,
            0.23768287348747252,
            0.23810817992687225
        ],
        "accuracy": 0.9936172273596939,
        "dice": 0.7646166847811805,
        "label": "Affine + Bias Field (76.5 % / 99.4%)"
    },