{
    "no_aug": {
        "loss": [
            0.5363076855838299,
            0.13134559579193592,
            0.07868321061879396,
            0.054280265442095695,
            0.024260709006339313,
            0.012243254975881428,
            0.004514926611736882,
            0.0014575364478077973,
            0.0004711355045365053,
            0.00022054061761446063,
            0.0001497177382116206
        ],
        "accuracy": 0.977,
        "label": "None (97.7%)"
    },
    "affine": {
        "loss": [
            0.43324561339616774,
            0.17804291911423206,
            0.12437608459591866,
            0.10652522750571371,
            0.07993081909045577,
            0.06547168404050172,
            0.06445088099688291,
            0.05016589677426964,
            0.04933353157807142,
            0.030754505108576267,
            0.033250437415321354,
            0.020455901986686512,
            0.03503993693785742,
            0.027644432498840615,
            0.022977855355129577,
            0.01419236386437842,
            0.01698108781251358,
            0.015116409735172056,
            0.015668738184293034,
            0.006442924009417766,
            0.017923120791867406,
            0.01326919249985076,
            0.015450578043280984,
            0.011443241693450545,
            0.024113969025434927,
            0.009027337530929798,
            0.008885074263402203,
            0.005547859312368928,
            0.01444083430061437,
            0.008505076102745078
        ],
        "accuracy": 0.986,
        "label": "Affine (98.6%)"
    },
    "noise": {
        "loss": [
            0.9274342081546784,
            0.3609470790624619,
            0.29344985795021056,
            0.2570846634507179,
            0.2315415450334549,
            0.19655595287680627,
            0.1793499999642372,
            0.16110847106575965,
            0.14793155014514922,
            0.12764246490597725,
            0.1201939005702734,
            0.09898701229691506,
            0.09285738490521908,
            0.0857280460782349,
            0.06472628423199057,
            0.06288747928664089,
            0.05246085009910166,
            0.053332679772749546,
            0.047106760043650865,
            0.04891838495247066,
            0.03784259770717472,
            0.03460914980154484,
            0.04026638022856787,
            0.03854413303267211,
            0.04733202049601823,
            0.037124983021989466,
            0.02437915778439492,
            0.02875640400557313,
            0.03454889881517738,
            0.0299201470753178,
            0.024398830151185394
        ],
        "accuracy": 0.98,
        "label": "Affine + Noise (98.0%)"
    },
    "bias_field": {
        "loss": [
            0.7834558708667755,
            0.2918458687663078,
            0.22043485760688783,
            0.16736229044198989,
            0.13604289424419402,
            0.1141559094041586,
            0.08954094954952597,
            0.09143239726871252,
            0.07485283182933927,
            0.05382363747060299,
            0.05446023475192487,
            0.057505068062804636,
            0.03975416979845613,
            0.03526696932502091,
            0.04301275573298335,
            0.02510822242544964,
            0.025193905043415725,
            0.0341648098565638,
            0.023079752969322725,
            0.027092625602614134,
            0.019628325179452077,
            0.019883221345371568,
            0.020922661199001595,
            0.012847503874538233,
            0.020126908160324093,
            0.008777970679220743
        ],
        "accuracy": 0.983,
        "label": "Affine + Bias Field (98.3%)"
    },
    "morph": {
        "loss": [
            0.7366291487216949,
            0.20647416073083877,
            0.14979788295924665,
            0.11138357909023762,
            0.08405845482647419,
            0.07022365964204073,
            0.05456085953116417,
            0.04928311768174171,
            0.039755853938870135,
            0.0397650938173756,
            0.0368805748866871,
            0.027107345716329292,
            0.0295522928298451,
            0.02696288214344531,
            0.017424338342156263,
            0.021713580628420458,
            0.017984255285467952,
            0.022880963682662694
        ],
        "accuracy": 0.989,
        "label": "Affine + Morphology (98.9%)"
    }
}